{"cameraMode":{"drawMode":0,"name":"Shaded","section":"Shading Mode"},"sceneLighting":true,"audioPlay":false,"sceneViewState":{"m_AlwaysRefresh":false,"showFog":true,"showSkybox":true,"showFlares":true,"showImageEffects":true,"showParticleSystems":true,"showVisualEffectGraphs":true,"m_FxEnabled":true},"in2DMode":false,"pivot":{"x":-107.14161682128906,"y":40.32368087768555,"z":578.5718994140625},"rotation":{"x":-0.007210481911897659,"y":0.000013415776265901513,"z":-0.000019557490304578096,"w":-1.0000149011611939},"size":4.125766754150391,"orthographic":false}