{"cameraMode":{"drawMode":0,"name":"Shaded","section":"Shading Mode"},"sceneLighting":true,"audioPlay":false,"sceneViewState":{"m_AlwaysRefresh":false,"showFog":true,"showSkybox":true,"showFlares":true,"showImageEffects":true,"showParticleSystems":true,"showVisualEffectGraphs":true,"m_FxEnabled":true},"in2DMode":false,"pivot":{"x":351.2918701171875,"y":-261.90655517578127,"z":-264.19757080078127},"rotation":{"x":0.12425082921981812,"y":0.8515797853469849,"z":-0.23342052102088929,"w":0.45276179909706118},"size":261.5636901855469,"orthographic":false}