{"cameraMode":{"drawMode":0,"name":"Shaded","section":"Shading Mode"},"sceneLighting":true,"audioPlay":false,"sceneViewState":{"m_AlwaysRefresh":false,"showFog":true,"showSkybox":true,"showFlares":true,"showImageEffects":true,"showParticleSystems":true,"showVisualEffectGraphs":true,"m_FxEnabled":true},"in2DMode":false,"pivot":{"x":-25.240650177001954,"y":0.4480469226837158,"z":-19.27918815612793},"rotation":{"x":0.02055903896689415,"y":-0.6148228049278259,"z":0.016075246036052705,"w":0.7882731556892395},"size":1.074455738067627,"orthographic":false}