{"cameraMode":{"drawMode":0,"name":"Shaded","section":"Shading Mode"},"sceneLighting":false,"audioPlay":false,"sceneViewState":{"m_AlwaysRefresh":false,"showFog":true,"showSkybox":false,"showFlares":true,"showImageEffects":true,"showParticleSystems":true,"showVisualEffectGraphs":true,"m_FxEnabled":true},"in2DMode":false,"pivot":{"x":0.00005900859832763672,"y":0.8836827278137207,"z":-0.043313294649124148},"rotation":{"x":0.30354711413383486,"y":0.003999354783445597,"z":-0.0012615988962352276,"w":0.9528266787528992},"size":1.3074824810028077,"orthographic":false}