{"cameraMode":{"drawMode":0,"name":"Shaded","section":"Shading Mode"},"sceneLighting":false,"audioPlay":false,"sceneViewState":{"m_AlwaysRefresh":false,"showFog":true,"showSkybox":false,"showFlares":true,"showImageEffects":true,"showParticleSystems":true,"showVisualEffectGraphs":true,"m_FxEnabled":true},"in2DMode":false,"pivot":{"x":2.7064690589904787,"y":12.260011672973633,"z":-0.9160778522491455},"rotation":{"x":0.13208279013633729,"y":-0.08050006628036499,"z":0.010773387737572194,"w":0.9879221320152283},"size":4.151623249053955,"orthographic":false}